A	B	Y	Z	u	coefficient
11	0	0	0	0	-125380786608
10	0	0	0	1	1780525587456
10	0	0	0	0	24721308695952
9	1	0	0	0	-1111403647728
9	0	1	0	1	98686304640
9	0	1	0	0	1383533851392
9	0	0	1	0	615469383936
9	0	0	0	2	-3967773999552
9	0	0	0	1	-67206220067952
9	0	0	0	0	617135023095372
8	1	0	0	2	366231450816
8	1	0	0	1	24915637825056
8	1	0	0	0	258077208248640
8	0	2	0	0	-153806216256
8	0	1	0	2	-290901093120
8	0	1	0	1	30375336568608
8	0	1	0	0	885307464944640
8	0	0	1	1	-8947646436096
8	0	0	1	0	-153771526081440
8	0	0	0	2	17521477045344
8	0	0	0	1	-6534238583216232
8	0	0	0	0	-110225336868495396
7	2	0	0	0	-2934792593568
7	1	1	0	1	2958539867712
7	1	1	0	0	40922944615584
7	1	0	1	0	4807037990592
7	1	0	0	3	-1801988622720
7	1	0	0	2	-112725517696704
7	1	0	0	1	-1853879759364600
7	1	0	0	0	-1806638649693696
7	0	2	0	2	18568154880
7	0	2	0	1	6251089012992
7	0	2	0	0	169460522700768
7	0	1	1	1	-676240275456
7	0	1	1	0	-20582114401152
7	0	1	0	2	-92360491564032
7	0	1	0	1	-4217131789013520
7	0	1	0	0	-39203514485007264
7	0	0	2	0	-1118918515392
7	0	0	1	2	22095236785536
7	0	0	1	1	686358658893888
7	0	0	1	0	2783077426297008
7	0	0	0	2	13563919835458560
7	0	0	0	1	425731636677015648
7	0	0	0	0	1873597771862808624
6	2	0	0	2	1344254736528
6	2	0	0	1	80299789056288
6	2	0	0	0	754657825866624
6	1	2	0	0	1774236327552
6	1	1	0	3	-207852480000
6	1	1	0	2	-17977735423872
6	1	1	0	1	-102094353897552
6	1	1	0	0	4225642271330688
6	1	0	1	2	-1001773370880
6	1	0	1	1	-83356677369216
6	1	0	1	0	-1081831806850320
6	1	0	0	3	133375991839200
6	1	0	0	2	4170288985422912
6	1	0	0	1	-13287633239195928
6	1	0	0	0	-607093230092496480
6	0	3	0	1	352971302400
6	0	3	0	0	12056466726144
6	0	2	1	0	-519810079104
6	0	2	0	2	-12586253724288
6	0	2	0	1	-426337615823040
6	0	2	0	0	1340789171818176
6	0	1	1	2	3350702909952
6	0	1	1	1	24882995397888
6	0	1	1	0	-2045592425060928
6	0	1	0	2	4823543984657472
6	0	1	0	1	73237741690278384
6	0	1	0	0	-1219783173036804576
6	0	0	2	1	14845081102848
6	0	0	2	0	300433836589056
6	0	0	1	2	-946619789635008
6	0	0	1	1	-2589052875779808
6	0	0	1	0	322826148922740336
6	0	0	0	2	-379441463518671552
6	0	0	0	1	-2126800096557306624
6	0	0	0	0	103723601090313585744
5	3	0	0	0	-2727169194528
5	2	1	0	1	10560716190144
5	2	1	0	0	159840378663552
5	2	0	1	0	10920876668928
5	2	0	0	4	5144348880
5	2	0	0	3	-8721301104000
5	2	0	0	2	-515077809732864
5	2	0	0	1	-7509315695705712
5	2	0	0	0	-20811102272086032
5	1	2	0	2	-907718234112
5	1	2	0	1	26476067503872
5	1	2	0	0	1197299329614720
5	1	1	1	1	-9837604970496
5	1	1	1	0	-192811533836544
5	1	1	0	3	-8969987148480
5	1	1	0	2	-726523790793408
5	1	1	0	1	-38931106238244576
5	1	1	0	0	-355108122506122272
5	1	0	2	0	-7161705844416
5	1	0	1	3	3932266590720
5	1	0	1	2	326461241567808
5	1	0	1	1	7919131530764160
5	1	0	1	0	34135839126634176
5	1	0	0	3	1241241195663360
5	1	0	0	2	164389113911895552
5	1	0	0	1	4639700172215345544
5	1	0	0	0	24242984461761142464
5	0	4	0	0	349464264192
5	0	3	0	2	-125164984320
5	0	3	0	1	26767960410240
5	0	3	0	0	1581324298930944
5	0	2	1	2	93329542656
5	0	2	1	1	-7873421709312
5	0	2	1	0	-586105276351680
5	0	2	0	2	-183925182746880
5	0	2	0	1	-31840909775240256
5	0	2	0	0	-791781891814759392
5	0	1	2	1	1313234643456
5	0	1	2	0	51383627285760
5	0	1	1	2	153774026415360
5	0	1	1	1	11469939306444288
5	0	1	1	0	213113243025489024
5	0	1	0	2	79364795291048448
5	0	1	0	1	7558904069141718384
5	0	1	0	0	117073616535908827488
5	0	0	3	0	935645209344
5	0	0	2	2	-32724747947520
5	0	0	2	1	-1406497896287424
5	0	0	2	0	-13120793029097136
5	0	0	1	2	-25783466042770560
5	0	0	1	1	-1510197392564129664
5	0	0	1	0	-16955218634289846768
5	0	0	0	2	-7272258719171020416
5	0	0	0	1	-488344703544953698752
5	0	0	0	0	-5420983080497021950824
4	3	0	0	2	1432033673184
4	3	0	0	1	82918372546080
4	3	0	0	0	712318222957680
4	2	2	0	0	9621241876224
4	2	1	0	3	-951491966400
4	2	1	0	2	-106404249708288
4	2	1	0	1	-1604966904421344
4	2	1	0	0	1023493565788992
4	2	0	1	2	-2902127025024
4	2	0	1	1	-191755510968384
4	2	0	1	0	-2151974997015264
4	2	0	0	4	24876923271120
4	2	0	0	3	1507919706639360
4	2	0	0	2	32386135632020496
4	2	0	0	1	201845878016787216
4	2	0	0	0	-330045038522305488
4	1	3	0	1	2107465423488
4	1	3	0	0	120525716966400
4	1	2	1	0	-10142241123456
4	1	2	0	3	-5056937464320
4	1	2	0	2	-394733967465600
4	1	2	0	1	-9970319534803200
4	1	2	0	0	-55573286472096192
4	1	1	1	3	459845268480
4	1	1	1	2	61232615013888
4	1	1	1	1	1444732341087744
4	1	1	1	0	-484720346587968
4	1	1	0	3	2962093466975040
4	1	1	0	2	166981178190307392
4	1	1	0	1	2702116754645959440
4	1	1	0	0	7663934432483475840
4	1	0	2	2	769356506880
4	1	0	2	1	85401225217152
4	1	0	2	0	1392559135138368
4	1	0	1	3	-526096659242880
4	1	0	1	2	-23585915060515008
4	1	0	1	1	-252877914608282496
4	1	0	1	0	263024584658995824
4	1	0	0	3	-318687399459090720
4	1	0	0	2	-14702740318688379264
4	1	0	0	1	-178967113606115695512
4	1	0	0	0	-330626644793531840448
4	0	4	0	2	24488801280
4	0	4	0	1	6437289563136
4	0	4	0	0	223319637121536
4	0	3	1	1	-692216782848
4	0	3	1	0	-54543907090944
4	0	3	0	2	-98622116808192
4	0	3	0	1	-8961668053262208
4	0	3	0	0	-152030944831495680
4	0	2	2	0	2389834907136
4	0	2	1	2	61745655400704
4	0	2	1	1	2992445193391488
4	0	2	1	0	35107429755163968
4	0	2	0	2	55394467442501760
4	0	2	0	1	3222620705387803392
4	0	2	0	0	35115316179066270720
4	0	1	2	2	-6164647575552
4	0	1	2	1	-228758259763584
4	0	1	2	0	-879630055214976
4	0	1	1	2	-27540988740774144
4	0	1	1	1	-964541296999986048
4	0	1	1	0	-6261309538810620480
4	0	1	0	2	-9753784690919689152
4	0	1	0	1	-425569727868596534736
4	0	1	0	0	-3369014233224740652384
4	0	0	3	1	-9339847409664
4	0	0	3	0	-221954043808512
4	0	0	2	2	2443865365693440
4	0	0	2	1	58051102754755872
4	0	0	2	0	103779868213562256
4	0	0	1	2	2584746030378056256
4	0	0	1	1	73657347726807500832
4	0	0	1	0	334660287787964454672
4	0	0	0	2	533779102919849587200
4	0	0	0	1	18722844939710601625104
4	0	0	0	0	115425753950955380128344
3	4	0	0	0	-605164385088
3	3	1	0	1	11390489744256
3	3	1	0	0	177078828165696
3	3	0	1	0	8196148586304
3	3	0	0	4	-33672101760
3	3	0	0	3	-12858661405440
3	3	0	0	2	-532593198100224
3	3	0	0	1	-7094914315601472
3	3	0	0	0	-28001584420952256
3	2	2	0	2	-6176075682816
3	2	2	0	1	-134341890501888
3	2	2	0	0	1168530294017664
3	2	1	1	1	-24844909265280
3	2	1	1	0	-452112861451392
3	2	1	0	4	5739562800000
3	2	1	0	3	434539493579520
3	2	1	0	2	8229589011910656
3	2	1	0	1	19829621333810304
3	2	1	0	0	-360143902173325824
3	2	0	2	0	-12482191435392
3	2	0	1	4	-16836050880
3	2	0	1	3	7899679146240
3	2	0	1	2	713267356428288
3	2	0	1	1	15151014217491840
3	2	0	1	0	74232075088397376
3	2	0	0	4	-1589966799380640
3	2	0	0	3	-76240897273486080
3	2	0	0	2	-954585600136573824
3	2	0	0	1	-535673526986031840
3	2	0	0	0	24922066036782864384
3	1	4	0	0	4546754104320
3	1	3	0	3	-306110016000
3	1	3	0	2	-48962909279232
3	1	3	0	1	-1205082891028224
3	1	3	0	0	-2485592106292224
3	1	2	1	2	3563120586240
3	1	2	1	1	102993775983360
3	1	2	1	0	-1318628891483136
3	1	2	0	3	462679166983680
3	1	2	0	2	36347804512095744
3	1	2	0	1	545420498602549248
3	1	2	0	0	354338688570414336
3	1	1	2	1	10028572270848
3	1	1	2	0	264956381375616
3	1	1	1	3	-103408044871680
3	1	1	1	2	-5670487238229504
3	1	1	1	1	-35450480957833728
3	1	1	1	0	440711765743350528
3	1	1	0	3	-137120521522423680
3	1	1	0	2	-7145805255619330944
3	1	1	0	1	-76798282113491284224
3	1	1	0	0	-12951229705426234656
3	1	0	3	0	4247658164736
3	1	0	2	3	-1579527682560
3	1	0	2	2	-177132805565184
3	1	0	2	1	-6846543195972192
3	1	0	2	0	-53812673219346624
3	1	0	1	3	24070187670186240
3	1	0	1	2	805757693509639296
3	1	0	1	1	3023949437180906688
3	1	0	1	0	-31995153907017575616
3	1	0	0	3	10388357844513989760
3	1	0	0	2	410997771816870943296
3	1	0	0	1	3443103583765160143608
3	1	0	0	0	-206792868692833870464
3	0	5	0	1	293865615360
3	0	5	0	0	14898986698752
3	0	4	1	0	-1975429969920
3	0	4	0	2	-4878169214976
3	0	4	0	1	-793635520762368
3	0	4	0	0	-14433976197886464
3	0	3	1	2	5544264609792
3	0	3	1	1	337474048239360
3	0	3	1	0	2205785511747072
3	0	3	0	2	5882836980768768
3	0	3	0	1	457115046853810176
3	0	3	0	0	4799717403011338752
3	0	2	2	2	-274274574336
3	0	2	2	1	-16383008056320
3	0	2	2	0	215451249221376
3	0	2	1	2	-4687237378036224
3	0	2	1	1	-190367459454396672
3	0	2	1	0	-645851305418285952
3	0	2	0	2	-1997298660067543296
3	0	2	0	1	-101091751168135045248
3	0	2	0	0	-726637696554880092384
3	0	1	3	1	-890303975424
3	0	1	3	0	-41461173153792
3	0	1	2	2	429922946391552
3	0	1	2	1	11186039034630720
3	0	1	2	0	-78230693394603648
3	0	1	1	2	1081558761967927296
3	0	1	1	1	32161513135571061120
3	0	1	1	0	72659929424172218496
3	0	1	0	2	255982018560413852160
3	0	1	0	1	9599309230117845090960
3	0	1	0	0	51621623754802742224800
3	0	0	4	0	-366001763328
3	0	0	3	2	11747005876224
3	0	0	3	1	684269894734848
3	0	0	3	0	10124957641769280
3	0	0	2	2	-78323322897665280
3	0	0	2	1	-1368258493683935232
3	0	0	2	0	5785991591439781728
3	0	0	1	2	-71627445547751816064
3	0	0	1	1	-1679716428745344497856
3	0	0	1	0	-2825598711002129480304
3	0	0	0	2	-11060854028562155625216
3	0	0	0	1	-329558618087439597297504
3	0	0	0	0	-1401122395421697521127744
2	4	0	0	2	41630962176
2	4	0	0	1	11534327439552
2	4	0	0	0	75964284245376
2	3	2	0	0	11916862922880
2	3	1	0	3	-1579527682560
2	3	1	0	2	-129600858574080
2	3	1	0	1	-1910504851819776
2	3	1	0	0	-5545520375114304
2	3	0	1	2	-2378474824320
2	3	0	1	1	-126322624376064
2	3	0	1	0	-1205503848987264
2	3	0	0	4	3260071670400
2	3	0	0	3	637388397515520
2	3	0	0	2	23544926861348160
2	3	0	0	1	238246757643589632
2	3	0	0	0	477837946957186080
2	2	3	0	1	-4176565058304
2	2	3	0	0	139223733037056
2	2	2	1	0	-27831522654720
2	2	2	0	4	330598817280
2	2	2	0	3	51169350274560
2	2	2	0	2	1071926258508288
2	2	2	0	1	-2236860984278016
2	2	2	0	0	-72897296954873472
2	2	1	1	3	802008241920
2	2	1	1	2	141059168692992
2	2	1	1	1	3414090312730368
2	2	1	1	0	10826254157875200
2	2	1	0	4	-269079887364480
2	2	1	0	3	-19650766149221760
2	2	1	0	2	-259774298381968128
2	2	1	0	1	790278981275415744
2	2	1	0	0	10884206232662284800
2	2	0	2	2	1115771008320
2	2	0	2	1	100564486896384
2	2	0	2	0	1515746939748480
2	2	0	1	4	1630035835200
2	2	0	1	3	-368189127244800
2	2	0	1	2	-30652634398836096
2	2	0	1	1	-469658208420546048
2	2	0	1	0	-953244036258251904
2	2	0	0	4	37753799497970400
2	2	0	0	3	1699114060127635200
2	2	0	0	2	15966278122779363312
2	2	0	0	1	-52417663505150771520
2	2	0	0	0	-497778893745977815776
2	1	4	0	2	-2071752588288
2	1	4	0	1	-87248701200384
2	1	4	0	0	78905366604288
2	1	3	1	1	2905596271872
2	1	3	1	0	-153437033299968
2	1	3	0	3	18036002142720
2	1	3	0	2	2984675508965376
2	1	3	0	1	57005510375649024
2	1	3	0	0	-66241014857777664
2	1	2	2	0	15372845003520
2	1	2	1	3	-7713972403200
2	1	2	1	2	-609212807202816
2	1	2	1	1	-1509066054637056
2	1	2	1	0	87670487742550272
2	1	2	0	3	-13116875407603200
2	1	2	0	2	-1038507078312347904
2	1	2	0	1	-12514923457737940224
2	1	2	0	0	16102084569179429376
2	1	1	2	3	-195910410240
2	1	1	2	2	-33067228368384
2	1	1	2	1	-1340942781099456
2	1	1	2	0	-8173482107078016
2	1	1	1	3	4276589567132160
2	1	1	1	2	191964370512545280
2	1	1	1	1	126708944807703168
2	1	1	1	0	-13981391041128045696
2	1	1	0	3	2604921817754010240
2	1	1	0	2	132608284535746554624
2	1	1	0	1	1149091568692788744720
2	1	1	0	0	-1542421024589942104320
2	1	0	3	2	-181217129472
2	1	0	3	1	-25626714246144
2	1	0	3	0	-528999115052736
2	1	0	2	3	73218454727040
2	1	0	2	2	7392180983300352
2	1	0	2	1	213508583992110240
2	1	0	2	0	866392511885297856
2	1	0	1	3	-507389149000016640
2	1	0	1	2	-14851453658131845504
2	1	0	1	1	-2230871438263999680
2	1	0	1	0	674652801987186121872
2	1	0	0	3	-151498532271211722720
2	1	0	0	2	-5665811520394303738560
2	1	0	0	1	-38050540741134357983208
2	1	0	0	0	51536116138582180659168
2	0	6	0	0	440798423040
2	0	5	0	1	-23450476105728
2	0	5	0	0	-711184175732736
2	0	4	1	2	176319369216
2	0	4	1	1	20247340898304
2	0	4	1	0	47699287133184
2	0	4	0	2	163007256840192
2	0	4	0	1	25716907317551616
2	0	4	0	0	341240521382548992
2	0	3	2	1	-382025299968
2	0	3	2	0	28465782607872
2	0	3	1	2	-284917407372288
2	0	3	1	1	-17474002519944960
2	0	3	1	0	-20493318662760960
2	0	3	0	2	-122651896731826176
2	0	3	0	1	-9258429002453756928
2	0	3	0	0	-74387184055014507264
2	0	2	3	0	-2203992115200
2	0	2	2	2	25845480870912
2	0	2	2	1	1040482637664768
2	0	2	2	0	-18245991777035904
2	0	2	1	2	121899321584169984
2	0	2	1	1	4811032412011800576
2	0	2	1	0	2951660625409728000
2	0	2	0	2	30661249696875907200
2	0	2	0	1	1490244535484137926720
2	0	2	0	0	8294739813936225188928
2	0	1	3	2	2390107004928
2	0	1	3	1	116892395149824
2	0	1	3	0	1637423290252800
2	0	1	2	2	-12294165557521152
2	0	1	2	1	-276327900019654848
2	0	1	2	0	3198873103595044992
2	0	1	1	2	-19024828773957891072
2	0	1	1	1	-535558826161664986752
2	0	1	1	0	-170697795514871357376
2	0	1	0	2	-3137047360436066905152
2	0	1	0	1	-111384889811805313912176
2	0	1	0	0	-463202050190950281565728
2	0	0	4	1	1972164796416
2	0	0	4	0	55712929904640
2	0	0	3	2	-557363484546048
2	0	0	3	1	-20128349200664448
2	0	0	3	0	-204911626380852672
2	0	0	2	2	1343104012094300928
2	0	0	2	1	20004364712444978880
2	0	0	2	0	-165949496373198263904
2	0	0	1	2	968536951615239208128
2	0	0	1	1	20921196135636310680288
2	0	0	1	0	3330439110041943770064
2	0	0	0	2	113323348606273486234560
2	0	0	0	1	3156810807324576659458176
2	0	0	0	0	10306887093627688063739232
1	5	0	0	0	-38093690880
1	4	1	0	1	1386066152448
1	4	1	0	0	19106162758656
1	4	0	1	0	947580560640
1	4	0	0	4	55099802880
1	4	0	0	3	563242429440
1	4	0	0	2	-21839112981504
1	4	0	0	1	-262362609173376
1	4	0	0	0	-2261772523490112
1	3	2	0	2	-8492716283904
1	3	2	0	1	-225674099315712
1	3	2	0	0	-376452873236736
1	3	1	1	1	-17677241203968
1	3	1	1	0	-286495098394752
1	3	1	0	4	330598817280
1	3	1	0	3	60242451148800
1	3	1	0	2	3999048186705408
1	3	1	0	1	57005813424564864
1	3	1	0	0	85057395814797120
1	3	0	2	0	-6121520075520
1	3	0	1	4	55099802880
1	3	0	1	3	477531624960
1	3	0	1	2	61312611764736
1	3	0	1	1	4160978548509312
1	3	0	1	0	34783318157391936
1	3	0	0	4	-86038342197120
1	3	0	0	3	-10653675453054720
1	3	0	0	2	-364973909262824448
1	3	0	0	1	-3554966762212039488
1	3	0	0	0	-4804311879412061472
1	2	4	0	0	5803845903360
1	2	3	0	3	2203992115200
1	2	3	0	2	90363676723200
1	2	3	0	1	-276755289905664
1	2	3	0	0	-5422540574149632
1	2	2	1	2	8375170037760
1	2	2	1	1	350104147499520
1	2	2	1	0	364948034395392
1	2	2	0	4	-9917964518400
1	2	2	0	3	-1625003386536960
1	2	2	0	2	-31944838037078016
1	2	2	0	1	125026929655126272
1	2	2	0	0	1367372296004314752
1	2	1	2	1	12481942012416
1	2	1	2	0	303522774144768
1	2	1	1	4	165299408640
1	2	1	1	3	-20974658296320
1	2	1	1	2	-4620515190068736
1	2	1	1	1	-95574128972764032
1	2	1	1	0	-90278729357099904
1	2	1	0	4	4176206909585280
1	2	1	0	3	309836825856195840
1	2	1	0	2	3755837355580832256
1	2	1	0	1	-17157007303099633728
1	2	1	0	0	-134060739545006759808
1	2	0	3	0	4042012700160
1	2	0	2	4	13774950720
1	2	0	2	2	-37893971100672
1	2	0	2	1	-3203490601152576
1	2	0	2	0	-41861989833385536
1	2	0	1	4	-43019171098560
1	2	0	1	3	5676032727279360
1	2	0	1	2	481860449140262400
1	2	0	1	1	6530336356187736576
1	2	0	1	0	5792387850679611456
1	2	0	0	4	-396041524689423600
1	2	0	0	3	-17660362772156284800
1	2	0	0	2	-148229666837112318336
1	2	0	0	1	737520722430611363856
1	2	0	0	0	4572108304438800495600
1	1	5	0	1	-2909269592064
1	1	5	0	0	5025102022656
1	1	4	1	0	-6318110730240
1	1	4	0	2	77492362770432
1	1	4	0	1	2945238743384064
1	1	4	0	0	-5489879879909376
1	1	3	1	3	-220399211520
1	1	3	1	2	-35528352897024
1	1	3	1	1	-100546120295424
1	1	3	1	0	6283390507785216
1	1	3	0	3	-305142708349440
1	1	3	0	2	-52486000470899712
1	1	3	0	1	-934369288386151680
1	1	3	0	0	1850060206434327552
1	1	2	2	2	-1983592903680
1	1	2	2	1	-120315929568768
1	1	2	2	0	-374678659584000
1	1	2	1	3	239133144499200
1	1	2	1	2	17688821958093312
1	1	2	1	1	6911113175435520
1	1	2	1	0	-1676792242261900800
1	1	2	0	3	148440521952806400
1	1	2	0	2	11985174789138178560
1	1	2	0	1	133332594674681048832
1	1	2	0	0	-275478074673142045824
1	1	1	3	1	-3031713598464
1	1	1	3	0	-98971490373120
1	1	1	2	3	5528346888960
1	1	1	2	2	1036746871029504
1	1	1	2	1	37648422502457472
1	1	1	2	0	101965265308420992
1	1	1	1	3	-64702265927109120
1	1	1	1	2	-2785455309890617344
1	1	1	1	1	2185629874471067904
1	1	1	1	0	173622987894806452224
1	1	1	0	3	-22356221556657689280
1	1	1	0	2	-1140501584234865357504
1	1	1	0	1	-8973388890680594102496
1	1	1	0	0	19020254999452614650016
1	1	0	4	0	-867991956480
1	1	0	3	3	-48977602560
1	1	0	3	2	5224685753088
1	1	0	3	1	821111343578496
1	1	0	3	0	14571060221911680
1	1	0	2	3	-1107028506263040
1	1	0	2	2	-112755112577653248
1	1	0	2	1	-2975895580826474784
1	1	0	2	0	-7155650481051288960
1	1	0	1	3	5077986427761603840
1	1	0	1	2	142114202184862633536
1	1	0	1	1	-177645249324497958336
1	1	0	1	0	-6232244892245726455872
1	1	0	0	3	1057027258052951880960
1	1	0	0	2	38901497213092672658304
1	1	0	0	1	232933899066362065518840
1	1	0	0	0	-498605713771508707568976
1	0	6	0	0	-13223952691200
1	0	5	1	1	528958107648
1	0	5	1	0	528958107648
1	0	5	0	1	434803564486656
1	0	5	0	0	11208357822007296
1	0	4	2	0	1175462461440
1	0	4	1	2	-5289581076480
1	0	4	1	1	-720044224035840
1	0	4	1	0	-243893767468032
1	0	4	0	2	-1928052302376960
1	0	4	0	1	-307727660501752320
1	0	4	0	0	-3598885765436442624
1	0	3	2	2	705277476864
1	0	3	2	1	62901934967808
1	0	3	2	0	-1262461376867328
1	0	3	1	2	4617539800713216
1	0	3	1	1	296577917850048768
1	0	3	1	0	-38129614590988800
1	0	3	0	2	1084198556790706176
1	0	3	0	1	82111473262656054144
1	0	3	0	0	582993553663685475072
1	0	2	3	2	117546246144
1	0	2	3	1	10167750291456
1	0	2	3	0	85867532808192
1	0	2	2	2	-661197634560000
1	0	2	2	1	-26016661265179392
1	0	2	2	0	375564190556005632
1	0	2	1	2	-1337644999123964928
1	0	2	1	1	-53292197259024042240
1	0	2	1	0	21735576511950464064
1	0	2	0	2	-217766820960978971904
1	0	2	0	1	-10518020154131660921664
1	0	2	0	0	-51235157177960843598624
1	0	1	4	1	195910410240
1	0	1	4	0	10520389029888
1	0	1	3	2	-74201067878400
1	0	1	3	1	-3249272109035520
1	0	1	3	0	-27130209914783232
1	0	1	2	2	163119902877199872
1	0	1	2	1	3632389814940428736
1	0	1	2	0	-43178328295243814016
1	0	1	1	2	158100041540055276288
1	0	1	1	1	4396677827817938643072
1	0	1	1	0	-2458359485098002781056
1	0	1	0	2	18705812181958144447488
1	0	1	0	1	653545575280916005741200
1	0	1	0	0	2341945369327203832210848
1	0	0	5	0	54419558400
1	0	0	4	2	39182082048
1	0	0	4	1	-61246492001280
1	0	0	4	0	-1592384303232000
1	0	0	3	2	8784142814656512
1	0	0	3	1	270572585104341504
1	0	0	3	0	2154192051045140928
1	0	0	2	2	-12135796436787989760
1	0	0	2	1	-172729418889171951936
1	0	0	2	0	1698093042845359490064
1	0	0	1	2	-6523314715953922520448
1	0	0	1	1	-136517889818630196628992
1	0	0	1	0	85708472893391495492784
1	0	0	0	2	-583998198661101882126528
1	0	0	0	1	-15861657661345516547870928
1	0	0	0	0	-43807354170590934790783524
0	5	0	0	2	-22039921152
0	5	0	0	1	260805733632
0	5	0	0	0	28570268160
0	4	2	0	0	1322395269120
0	4	1	0	3	220399211520
0	4	1	0	2	-3129668803584
0	4	1	0	1	-11703198131712
0	4	1	0	0	-313143199727616
0	4	0	1	2	198359290368
0	4	0	1	1	-2305008420480
0	4	0	1	0	-10252440729216
0	4	0	0	4	-826497043200
0	4	0	0	3	-11093426979840
0	4	0	0	2	330848603053056
0	4	0	0	1	1519941837395520
0	4	0	0	0	18514828613047680
0	3	3	0	1	-9741645149184
0	3	3	0	0	-18043348783104
0	3	2	1	0	-19486963618560
0	3	2	0	3	1322395269120
0	3	2	0	2	118398456428544
0	3	2	0	1	3738146946748416
0	3	2	0	0	6106764416333184
0	3	1	1	3	220399211520
0	3	1	1	2	-2049712667136
0	3	1	1	1	282309350035968
0	3	1	1	0	4703967514850688
0	3	1	0	4	-4958982259200
0	3	1	0	3	-607971224977920
0	3	1	0	2	-30335516054440704
0	3	1	0	1	-470267825292969984
0	3	1	0	0	-685204158591461952
0	3	0	2	2	214889231232
0	3	0	2	1	-2716420281984
0	3	0	2	0	105322150801728
0	3	0	1	4	-826497043200
0	3	0	1	3	-9807764912640
0	3	0	1	2	-414253174672512
0	3	0	1	1	-33501479098181760
0	3	0	1	0	-283738952991551616
0	3	0	0	4	670702350556800
0	3	0	0	3	60317037915298560
0	3	0	0	2	1900852718596195680
0	3	0	0	1	19467162838146622176
0	3	0	0	0	25584305517011902896
0	2	4	0	2	3173748645888
0	2	4	0	1	-3438227699712
0	2	4	0	0	-109979206548480
0	2	3	1	1	14480228196864
0	2	3	1	0	13929230168064
0	2	3	0	3	-33059881728000
0	2	3	0	2	-1504621337204736
0	2	3	0	1	3382587918763776
0	2	3	0	0	49168198900362240
0	2	2	2	0	19064531796480
0	2	2	1	3	661197634560
0	2	2	1	2	-142157491430400
0	2	2	1	1	-5679952159924224
0	2	2	1	0	-4731673532398848
0	2	2	0	4	74384733888000
0	2	2	0	3	12774007700881920
0	2	2	0	2	263659763835016704
0	2	2	0	1	-866531568176156160
0	2	2	0	0	-8159011676238324096
0	2	1	2	3	55099802880
0	2	1	2	2	-595077871104
0	2	1	2	1	-198144401136768
0	2	1	2	0	-4951940504391936
0	2	1	1	4	-2479491129600
0	2	1	1	3	104303926851840
0	2	1	1	2	38112919350716160
0	2	1	1	1	756196890759376128
0	2	1	1	0	555422278492210176
0	2	1	0	4	-21471153436771200
0	2	1	0	3	-1641534250322658240
0	2	1	0	2	-20358816622845341184
0	2	1	0	1	85169233111132435104
0	2	1	0	0	596633174735853408192
0	2	0	3	2	55099802880
0	2	0	3	1	-1043222934528
0	2	0	3	0	-58976176049280
0	2	0	2	4	-206624260800
0	2	0	2	3	-661197634560
0	2	0	2	2	303575118957504
0	2	0	2	1	25951337693875008
0	2	0	2	0	330454138972587840
0	2	0	1	4	335351175278400
0	2	0	1	3	-28696197739115520
0	2	0	1	2	-2592915550503197184
0	2	0	1	1	-33804986656515962688
0	2	0	1	0	-22779741242155015584
0	2	0	0	4	1548855200676474000
0	2	0	0	3	70178805318244204800
0	2	0	0	2	589409331969426833520
0	2	0	0	1	-2885901529809952014768
0	2	0	0	0	-16240291589769160194576
0	1	5	0	1	43639043880960
0	1	5	0	0	-75376530339840
0	1	4	1	2	-793437161472
0	1	4	1	1	-8198850668544
0	1	4	1	0	124613714193408
0	1	4	0	2	-590713966715904
0	1	4	0	1	-23457176241758208
0	1	4	0	0	45280202529701376
0	1	3	2	1	-4496143915008
0	1	3	2	0	-12871313952768
0	1	3	1	3	3305988172800
0	1	3	1	2	570216840044544
0	1	3	1	1	2413801144606464
0	1	3	1	0	-57735953769148416
0	1	3	0	3	1552161447129600
0	1	3	0	2	276028060667332608
0	1	3	0	1	5021900090460938880
0	1	3	0	0	-10596614133925393920
0	1	2	3	0	-5950778711040
0	1	2	2	2	28497618049536
0	1	2	2	1	1983460664153088
0	1	2	2	0	4891650300080640
0	1	2	1	3	-1851353376768000
0	1	2	1	2	-140607776414518272
0	1	2	1	1	-165290614711460352
0	1	2	1	0	10004987863243264896
0	1	2	0	3	-580845592020096000
0	1	2	0	2	-48049509591592483968
0	1	2	0	1	-536321119278085065216
0	1	2	0	0	1214186794117828264512
0	1	1	3	2	-176319369216
0	1	1	3	1	47143391344128
0	1	1	3	0	1631064364853760
0	1	1	2	3	-38845361030400
0	1	1	2	2	-8011963157135616
0	1	1	2	1	-299858425119006912
0	1	1	2	0	-646108426811765376
0	1	1	1	3	334023821027020800
0	1	1	1	2	14615973591993727488
0	1	1	1	1	-6564660596562483072
0	1	1	1	0	-766613670600215191104
0	1	1	0	3	71240846373658555200
0	1	1	0	2	3691051753331474517312
0	1	1	0	1	28624450803299791854768
0	1	1	0	0	-68370400527677562852864
0	1	0	4	1	-146932807680
0	1	0	4	0	14541042053376
0	1	0	3	3	734664038400
0	1	0	3	2	-35480599734528
0	1	0	3	1	-6494718455091072
0	1	0	3	0	-115563690034944192
0	1	0	2	3	5462181209001600
0	1	0	2	2	585952054411684608
0	1	0	2	1	15385936257978429024
0	1	0	2	0	29472776983656857088
0	1	0	1	3	-19596542846456073600
0	1	0	1	2	-551886018399594871488
0	1	0	1	1	696052614631155847488
0	1	0	1	0	21872214150580861807248
0	1	0	0	3	-2849314027555089842400
0	1	0	0	2	-105525575552604045592512
0	1	0	0	1	-611722936770175873508616
0	1	0	0	0	1517580582478466412828672
0	0	6	0	0	99179645184000
0	0	5	1	1	-7934371614720
0	0	5	1	0	-7934371614720
0	0	5	0	1	-2237492795351040
0	0	5	0	0	-58393007898531840
0	0	4	2	1	2115832430592
0	0	4	2	0	-22568879259648
0	0	4	1	2	39671858073600
0	0	4	1	1	5682200231881728
0	0	4	1	0	906369717454848
0	0	4	0	2	7468227282355200
0	0	4	0	1	1219669819381145088
0	0	4	0	0	14260578210423641088
0	0	3	3	1	352638738432
0	0	3	3	0	2703563661312
0	0	3	2	2	-10579162152960
0	0	3	2	1	-1095868959519744
0	0	3	2	0	11697864470793216
0	0	3	1	2	-23868573409981440
0	0	3	1	1	-1576276481957863680
0	0	3	1	0	578141954892380160
0	0	3	0	2	-3433084573911575040
0	0	3	0	1	-264507844468311232128
0	0	3	0	0	-1850451507029406440448
0	0	2	4	0	587731230720
0	0	2	3	2	-1763193692160
0	0	2	3	1	-164241492424704
0	0	2	3	0	-1200793677484032
0	0	2	2	2	5028408010828800
0	0	2	2	1	217799393440870656
0	0	2	2	0	-2280071360875870080
0	0	2	1	2	5260007855178443520
0	0	2	1	1	212806206155229420672
0	0	2	1	0	-146154621002480934336
0	0	2	0	2	584120134707842482560
0	0	2	0	1	28529581795626944297088
0	0	2	0	0	134657488864809953278272
0	0	1	4	1	-2821109907456
0	0	1	4	0	-172322796847104
0	0	1	3	2	575241942067200
0	0	1	3	1	25510393256357376
0	0	1	3	0	187323108410032128
0	0	1	2	2	-819515953274906880
0	0	1	2	1	-19533593947171280832
0	0	1	2	0	195511720267905557760
0	0	1	1	2	-501851167243203237120
0	0	1	1	1	-14033280505643797715712
0	0	1	1	0	12205398853176365123136
0	0	1	0	2	-43590107871540752973120
0	0	1	0	1	-1530654893931849671101392
0	0	1	0	0	-5214449403506432036818080
0	0	0	5	0	-750989905920
0	0	0	4	2	-587731230720
0	0	0	4	1	473549745871872
0	0	0	4	0	12632665686534144
0	0	0	3	2	-46001503029242880
0	0	0	3	1	-1366020146841639552
0	0	0	3	0	-9894635804593666368
0	0	0	2	2	45309429944640057600
0	0	0	2	1	668037933337912112160
0	0	0	2	0	-6171945959761306817328
0	0	0	1	2	17405499781539764233920
0	0	0	1	1	362574965326757120211168
0	0	0	1	0	-348612714254376271950768
0	0	0	0	2	1204587756739086875125920
0	0	0	0	1	32685620863825048610714328
0	0	0	0	0	84014488508548275043714188
