A	B	Y	T	coefficient
11	0	0	0	237421129860
10	1	0	0	-2800118160
10	0	1	0	331751192292
10	0	0	1	-10427106672
10	0	0	0	-29857817996757
9	2	0	0	11111580
9	1	1	0	-2950767792
9	1	0	1	151117488
9	1	0	0	298809101412
9	0	2	0	198632352384
9	0	1	1	-10443481632
9	0	1	0	-34115209821252
9	0	0	2	817812288
9	0	0	1	38032577352
9	0	0	0	1502534879294058
8	2	1	0	9240156
8	2	0	0	-284772834
8	1	2	0	-1243462752
8	1	1	1	130999680
8	1	1	0	234869785704
8	1	0	1	1483008912
8	1	0	0	-12423383460288
8	0	3	0	66059231184
8	0	2	1	-4178594304
8	0	2	0	-15487344965700
8	0	1	2	658741248
8	0	1	1	-327162357936
8	0	1	0	1242864137272968
8	0	0	2	30449810304
8	0	0	1	67166514161496
8	0	0	0	-33869802319352325
7	3	0	0	-8970012
7	2	2	0	2881008
7	2	1	0	124928244
7	2	0	1	-146071944
7	2	0	0	-41282417556
7	1	3	0	-261926784
7	1	2	1	42550272
7	1	2	0	59661904320
7	1	1	1	4941340848
7	1	1	0	-5783714813304
7	1	0	2	-1603082880
7	1	0	1	-1336459354848
7	1	0	0	244783346321736
7	0	4	0	13179013632
7	0	3	1	-834831360
7	0	3	0	-3304560810240
7	0	2	2	198567936
7	0	2	1	-318098679552
7	0	2	0	291482320177728
7	0	1	2	42508670400
7	0	1	1	75562022721888
7	0	1	0	-9371566756375056
7	0	0	3	-5673572352
7	0	0	2	-7946874380736
7	0	0	1	-3529863973609344
7	0	0	0	31987371575028816
6	4	0	0	32391
6	3	1	0	-5545152
6	3	0	1	717696
6	3	0	0	705477060
6	2	3	0	399168
6	2	2	0	186564708
6	2	1	1	-96987456
6	2	1	0	-51259795380
6	2	0	2	9172224
6	2	0	1	14009926536
6	2	0	0	2605049575632
6	1	4	0	-27578880
6	1	3	1	6137856
6	1	3	0	1933673472
6	1	2	1	3299450112
6	1	2	0	184868812944
6	1	1	2	-931668480
6	1	1	1	-1200132649584
6	1	1	0	20717992798632
6	1	0	3	61857792
6	1	0	2	160934286240
6	1	0	1	79796739841920
6	1	0	0	-2759333621213232
6	0	5	0	1577221632
6	0	4	1	-83275776
6	0	4	0	-220174049664
6	0	3	2	26542080
6	0	3	1	-117197134848
6	0	3	0	-32255542832256
6	0	2	2	20900146176
6	0	2	1	30760267300992
6	0	2	0	8890081049551824
6	0	1	3	-2795323392
6	0	1	2	-6262047900864
6	0	1	1	-2236598959493088
6	0	1	0	-683091664854158088
6	0	0	4	223248384
6	0	0	3	468439244928
6	0	0	2	396384625532736
6	0	0	1	43711446677205888
6	0	0	0	18128565677554325622
5	4	1	0	12240
5	4	0	0	-1100034
5	3	2	0	-1136160
5	3	1	1	329472
5	3	1	0	302304960
5	3	0	1	-35211456
5	3	0	0	-22351971708
5	2	4	0	20736
5	2	3	0	58316112
5	2	2	1	-21575808
5	2	2	0	-20011191912
5	2	1	2	3953664
5	2	1	1	7035475968
5	2	1	0	1946746843812
5	2	0	2	-817021728
5	2	0	1	-536993598600
5	2	0	0	-53610724382364
5	1	5	0	-1161216
5	1	4	1	331776
5	1	4	0	-1534484736
5	1	3	1	900398592
5	1	3	0	465561748224
5	1	2	2	-176338944
5	1	2	1	-413082830592
5	1	2	0	-31375115465472
5	1	1	3	25067520
5	1	1	2	71489184768
5	1	1	1	52064212062960
5	1	1	0	-532382487491160
5	1	0	3	-6539000832
5	1	0	2	-5947241284224
5	1	0	1	-2037443725626624
5	1	0	0	71191750204202256
5	0	6	0	104841216
5	0	5	1	-3317760
5	0	5	0	43108651008
5	0	4	2	1327104
5	0	4	1	-21072586752
5	0	4	0	-27300348573696
5	0	3	2	4727310336
5	0	3	1	5132376110592
5	0	3	0	5263620707915136
5	0	2	3	-450330624
5	0	2	2	-1881417507840
5	0	2	1	-173124391623552
5	0	2	0	-505877905531927872
5	0	1	4	66060288
5	0	1	3	173630656512
5	0	1	2	230102946756288
5	0	1	1	-30628264210148448
5	0	1	0	24917194731715114248
5	0	0	4	-19228962816
5	0	0	3	-14275348968960
5	0	0	2	-9147284822212416
5	0	0	1	1815911445006582480
5	0	0	0	-501227384481033363252
4	5	0	0	-9468
4	4	2	0	1152
4	4	1	0	-64152
4	4	0	1	-306144
4	4	0	0	9547713
4	3	3	0	-77184
4	3	2	1	36864
4	3	2	0	27324216
4	3	1	1	-11578464
4	3	1	0	-5864025456
4	3	0	2	-3426048
4	3	0	1	979293888
4	3	0	0	375209374500
4	2	4	0	7210944
4	2	3	1	-1603584
4	2	3	0	-3130403760
4	2	2	2	442368
4	2	2	1	955289376
4	2	2	0	427467482892
4	2	1	2	-268365312
4	2	1	1	-178303322304
4	2	1	0	-18610732804428
4	2	0	3	-13142016
4	2	0	2	33179810976
4	2	0	1	10064748732552
4	2	0	0	40263554326572
4	1	5	0	-241864704
4	1	4	1	110149632
4	1	4	0	67635336960
4	1	3	2	-10838016
4	1	3	1	-65934756864
4	1	3	0	-924724206144
4	1	2	3	2359296
4	1	2	2	8674532352
4	1	2	1	11838150051840
4	1	2	0	-1104091061007600
4	1	1	3	-2000609280
4	1	1	2	-1574426782080
4	1	1	1	-848111298744240
4	1	1	0	104705192324146392
4	1	0	4	14450688
4	1	0	3	262168462080
4	1	0	2	84405688470432
4	1	0	1	21368655005370336
4	1	0	0	-2812548499191684720
4	0	7	0	2985984
4	0	6	0	10289452032
4	0	5	1	-1854296064
4	0	5	0	-4944456940032
4	0	4	2	500318208
4	0	4	1	96911603712
4	0	4	0	1032211061303040
4	0	3	3	-23592960
4	0	3	2	-256023991296
4	0	3	1	179392550294016
4	0	3	0	-125777844770055264
4	0	2	4	4718592
4	0	2	3	17531375616
4	0	2	2	45791482795776
4	0	2	1	-39572612676488448
4	0	2	0	9348908685642953640
4	0	1	4	-4494901248
4	0	1	3	-2903895069696
4	0	1	2	-3532056244104384
4	0	1	1	3087335204107349184
4	0	1	0	-389969674493992280064
4	0	0	5	146276352
4	0	0	4	595081292544
4	0	0	3	153688551037056
4	0	0	2	101353469405075136
4	0	0	1	-83500281836192233008
4	0	0	0	6925292365755950896158
3	6	0	0	16
3	5	1	0	-2016
3	5	0	1	768
3	5	0	0	436968
3	4	2	0	37368
3	4	1	1	-59904
3	4	1	0	-588384
3	4	0	2	15360
3	4	0	1	13707360
3	4	0	0	-585984780
3	3	3	0	-2414880
3	3	2	1	-452736
3	3	2	0	32126544
3	3	1	2	-626688
3	3	1	1	417965184
3	3	1	0	63971254656
3	3	0	3	163840
3	3	0	2	142972992
3	3	0	1	-34555439808
3	3	0	0	-4015077774372
3	2	5	0	311040
3	2	4	0	-158443776
3	2	3	1	-4955904
3	2	3	0	17616955680
3	2	2	2	-17376768
3	2	2	1	-5013420480
3	2	2	0	2078290493568
3	2	1	3	-2359296
3	2	1	2	9282086784
3	2	1	1	1339137681408
3	2	1	0	-423470784274884
3	2	0	4	983040
3	2	0	3	405001728
3	2	0	2	-803196990144
3	2	0	1	-82050901637976
3	2	0	0	17016678545743620
3	1	6	0	-10948608
3	1	5	1	4976640
3	1	5	0	-1354143744
3	1	4	1	-4436425728
3	1	4	0	2859503689728
3	1	3	2	48439296
3	1	3	1	919085688576
3	1	3	0	-702506689931520
3	1	2	3	-114573312
3	1	2	2	30991901184
3	1	2	1	-63030622106880
3	1	2	0	72049665770058816
3	1	1	4	1179648
3	1	1	3	56689113600
3	1	1	2	-7388350288128
3	1	1	1	267874139851920
3	1	1	0	-3402161145804676968
3	1	0	5	3145728
3	1	0	4	-1847218176
3	1	0	3	-5097786845184
3	1	0	2	320763835029888
3	1	0	1	76798706437209312
3	1	0	0	60917410979049589560
3	0	7	0	824131584
3	0	6	1	-63700992
3	0	6	0	-325143797760
3	0	5	2	19906560
3	0	5	1	-75545395200
3	0	5	0	60391063572480
3	0	4	2	-13338390528
3	0	4	1	55938612068352
3	0	4	0	-8221954703694336
3	0	3	3	113246208
3	0	3	2	2944728898560
3	0	3	1	-13099182399843840
3	0	3	0	917725666561191936
3	0	2	4	-189333504
3	0	2	3	160770355200
3	0	2	2	-294584316327936
3	0	2	1	1431035294958669312
3	0	2	0	-70657530985625285952
3	0	1	5	18874368
3	0	1	4	75867549696
3	0	1	3	-31635475540992
3	0	1	2	13865440729460544
3	0	1	1	-75351710553074751456
3	0	1	0	3035373594677805114288
3	0	0	6	4194304
3	0	0	5	-9322463232
3	0	0	4	-6888564311040
3	0	0	3	1356786656354304
3	0	0	2	-253893907594361664
3	0	0	1	1549351217524004630208
3	0	0	0	-53663683886304936362244
2	6	0	0	-564
2	5	1	0	47952
2	5	0	1	-27072
2	5	0	0	-6174144
2	4	3	0	1728
2	4	2	0	1388664
2	4	1	1	1187136
2	4	1	0	-424441296
2	4	0	2	-541440
2	4	0	1	-177751584
2	4	0	0	26803686105
2	3	4	0	-290304
2	3	3	1	55296
2	3	3	0	41611968
2	3	2	1	65292480
2	3	2	0	5230674144
2	3	1	2	7299072
2	3	1	1	-16912380096
2	3	1	0	-1000191802464
2	3	0	3	-5775360
2	3	0	2	-1445605056
2	3	0	1	894778052544
2	3	0	0	35941251612348
2	2	5	0	3483648
2	2	4	1	-5101056
2	2	4	0	-3156978240
2	2	3	2	663552
2	2	3	1	2243842560
2	2	3	0	1179584449056
2	2	2	2	715485312
2	2	2	1	-338443463808
2	2	2	0	-183682740071268
2	2	1	3	-35168256
2	2	1	2	-203132479104
2	2	1	1	16772958204480
2	2	1	0	12473419418519076
2	2	0	4	-34652160
2	2	0	3	1950469632
2	2	0	2	12070627148736
2	2	0	1	-81618792393384
2	2	0	0	-308178584125791552
2	1	6	0	-782327808
2	1	5	1	-42799104
2	1	5	0	575010938880
2	1	4	2	-25878528
2	1	4	1	-28125729792
2	1	4	0	-152633825812224
2	1	3	3	3538944
2	1	3	2	28637577216
2	1	3	1	14996607660288
2	1	3	0	19945689249975552
2	1	2	3	1755592704
2	1	2	2	-7810258070016
2	1	2	1	-2421314354188800
2	1	2	0	-1388747514536562384
2	1	1	4	-514916352
2	1	1	3	-683634691584
2	1	1	2	762061292978688
2	1	1	1	166726576822025520
2	1	1	0	49456632864969640440
2	1	0	5	-110886912
2	1	0	4	71174909952
2	1	0	3	49124841057792
2	1	0	2	-24352570866429216
2	1	0	1	-4226339392381464192
2	1	0	0	-707964465718515174912
2	0	8	0	23887872
2	0	7	0	5607677952
2	0	6	1	-8695185408
2	0	6	0	-6043652517888
2	0	5	2	79626240
2	0	5	1	6529361633280
2	0	5	0	1395838967910912
2	0	4	3	-29196288
2	0	4	2	-103016448000
2	0	4	1	-1885439812921344
2	0	4	0	-146423524487520384
2	0	3	4	7077888
2	0	3	3	59878268928
2	0	3	2	31094966154240
2	0	3	1	276579617675696640
2	0	3	0	6989180694845361408
2	0	2	4	-4004536320
2	0	2	3	-16635879843840
2	0	2	2	-4039590394916352
2	0	2	1	-22086158502796977024
2	0	2	0	-49528968834481070256
2	0	1	5	-1422655488
2	0	1	4	610774069248
2	0	1	3	1617624820012032
2	0	1	2	244962871494229440
2	0	1	1	918663282459873466848
2	0	1	0	-7734356394525890445564
2	0	0	6	-147849216
2	0	0	5	230175571968
2	0	0	4	-15292161289728
2	0	0	3	-52043433268604544
2	0	0	2	-5697422024142862656
2	0	0	1	-15638845471991550279504
2	0	0	0	207523812848755503547935
1	6	0	0	5832
1	5	2	0	-2160
1	5	1	0	31104
1	5	0	1	279936
1	5	0	0	17093592
1	4	3	0	251424
1	4	2	1	-86400
1	4	2	0	-96502104
1	4	1	1	8802432
1	4	1	0	11100687120
1	4	0	2	5598720
1	4	0	1	175449888
1	4	0	0	-407506242546
1	3	4	0	-5256576
1	3	3	1	5401728
1	3	3	0	2009870496
1	3	2	2	-1382400
1	3	2	1	-2456531712
1	3	2	0	-268482733488
1	3	1	2	261771264
1	3	1	1	302654206080
1	3	1	0	14780998293696
1	3	0	3	59719680
1	3	0	2	-7445597760
1	3	0	1	-11118225670272
1	3	0	0	-274706259608772
1	2	6	0	248832
1	2	5	0	-191849472
1	2	4	1	75396096
1	2	4	0	96046321536
1	2	3	2	33094656
1	2	3	1	-40492182528
1	2	3	0	-21615039505008
1	2	2	3	-11059200
1	2	2	2	-17682437376
1	2	2	1	6097367617344
1	2	2	0	2323345664639160
1	2	1	3	3061628928
1	2	1	2	2479221551232
1	2	1	1	-339082554336768
1	2	1	0	-118931690835719892
1	2	0	4	358318080
1	2	0	3	-158547912192
1	2	0	2	-103028122660896
1	2	0	1	5700070513714536
1	2	0	0	2341093203098475408
1	1	7	0	-35831808
1	1	6	1	3981312
1	1	6	0	37641314304
1	1	5	1	-6348201984
1	1	5	0	-13104310284288
1	1	4	2	1409384448
1	1	4	1	2455282824192
1	1	4	0	2256986198617344
1	1	3	3	7299072
1	1	3	2	-786342463488
1	1	3	1	-439399008979200
1	1	3	0	-217547600606476416
1	1	2	4	-44236800
1	1	2	3	-8901218304
1	1	2	2	141914205771264
1	1	2	1	41537180951009280
1	1	2	0	11976700024370052864
1	1	1	4	16116350976
1	1	1	3	2918322722304
1	1	1	2	-10481065320939264
1	1	1	1	-2016975799660886064
1	1	1	0	-352213141726028856600
1	1	0	5	1146617856
1	1	0	4	-1097967218688
1	1	0	3	-198826633442304
1	1	0	2	274581447790379904
1	1	0	1	39677625505650714192
1	1	0	0	4288579236350289217548
1	0	8	0	1576599552
1	0	7	1	-286654464
1	0	7	0	-943487336448
1	0	6	2	15925248
1	0	6	1	309945139200
1	0	6	0	241164263817216
1	0	5	2	-15288238080
1	0	5	1	-119031456669696
1	0	5	0	-34090634420720640
1	0	4	3	3758358528
1	0	4	2	4912245264384
1	0	4	1	23212826256992256
1	0	4	0	2871515885470419456
1	0	3	4	-323813376
1	0	3	3	-1651452198912
1	0	3	2	-777471490962432
1	0	3	1	-2575944660201882624
1	0	3	0	-143343585705527932032
1	0	2	5	-70778880
1	0	2	4	197994627072
1	0	2	3	269438408957952
1	0	2	2	66942606225853440
1	0	2	1	165613349719769860224
1	0	2	0	3860821225259856174528
1	0	1	5	31977897984
1	0	1	4	-25833058430976
1	0	1	3	-19201195089294336
1	0	1	2	-3027855409556147136
1	0	1	1	-5770054901866380334848
1	0	1	0	-39322687928119924746852
1	0	0	6	1528823808
1	0	0	5	-2607337340928
1	0	0	4	926243800648704
1	0	0	3	502235448527052288
1	0	0	2	56560868186686795008
1	0	0	1	84568788448564147779240
1	0	0	0	-159120956643724397092230
0	6	0	0	-14580
0	5	2	0	34992
0	5	1	0	-4513968
0	5	0	1	-699840
0	5	0	0	137702268
0	4	4	0	3888
0	4	3	0	-4548960
0	4	2	1	1399680
0	4	2	0	961002792
0	4	1	1	-199454400
0	4	1	0	-75179769624
0	4	0	2	-13996800
0	4	0	1	6613488000
0	4	0	0	2042884181727
0	3	5	0	-373248
0	3	4	1	124416
0	3	4	0	165442176
0	3	3	1	-102736512
0	3	3	0	-27913958208
0	3	2	2	22394880
0	3	2	1	22056297408
0	3	2	0	2225883232872
0	3	1	2	-3493601280
0	3	1	1	-1811746141920
0	3	1	0	-82125567445104
0	3	0	3	-149299200
0	3	0	2	128093814720
0	3	0	1	51069762482688
0	3	0	0	1060045191325404
0	2	6	0	2239488
0	2	5	1	-4478976
0	2	5	0	801176832
0	2	4	2	1492992
0	2	4	1	181398528
0	2	4	0	-573763544064
0	2	3	2	-718875648
0	2	3	1	198555805440
0	2	3	0	109020240395856
0	2	2	3	179159040
0	2	2	2	142163538048
0	2	2	1	-30364429982112
0	2	2	0	-9598091394311244
0	2	1	3	-30367457280
0	2	1	2	-12245421006720
0	2	1	1	1581574640236992
0	2	1	0	409384300794281856
0	2	0	4	-895795200
0	2	0	3	1239707773440
0	2	0	2	376620162360480
0	2	0	1	-26587676019244392
0	2	0	0	-6852189185630799066
0	1	7	0	644972544
0	1	6	1	-179159040
0	1	6	0	-359169085440
0	1	5	1	94327234560
0	1	5	0	85099672839168
0	1	4	3	7962624
0	1	4	2	-15801827328
0	1	4	1	-21490465010688
0	1	4	0	-11110934023875072
0	1	3	3	-1092870144
0	1	3	2	5764240558080
0	1	3	1	2700672758320896
0	1	3	0	862427219674496832
0	1	2	4	716636160
0	1	2	3	7941224448
0	1	2	2	-781776410595840
0	1	2	1	-196018860120908544
0	1	2	0	-39742685326596167280
0	1	1	4	-131144417280
0	1	1	3	935744306688
0	1	1	2	46722724552400256
0	1	1	1	7726749864969774960
0	1	1	0	1005029375507803757088
0	1	0	5	-2866544640
0	1	0	4	5965592924160
0	1	0	3	123180711171840
0	1	0	2	-1038075460893962784
0	1	0	1	-128236461241861755504
0	1	0	0	-10734672108137779384848
0	0	9	0	47775744
0	0	8	0	-33216086016
0	0	7	1	3869835264
0	0	7	0	10114781921280
0	0	6	2	-286654464
0	0	6	1	-2455410475008
0	0	6	0	-1764069847050240
0	0	5	3	95551488
0	0	5	2	146086281216
0	0	5	1	667331807182848
0	0	5	0	193129635837132288
0	0	4	4	15925248
0	0	4	3	-53317730304
0	0	4	2	-31781747699712
0	0	4	1	-100715210570502144
0	0	4	0	-13647005881103718144
0	0	3	4	3296526336
0	0	3	3	12179177791488
0	0	3	2	3793863867420672
0	0	3	1	9116968369250340864
0	0	3	0	613430529228542692368
0	0	2	5	1146617856
0	0	2	4	-1678379802624
0	0	2	3	-1387588811692032
0	0	2	2	-262458400792902912
0	0	2	1	-495048521567144342016
0	0	2	0	-16446396363406323248772
0	0	1	5	-225310408704
0	0	1	4	171515210600448
0	0	1	3	77828838900019200
0	0	1	2	9958379339460643776
0	0	1	1	14931347426948818783728
0	0	1	0	223339660666036151205528
0	0	0	6	-3822059520
0	0	0	5	11390860099584
0	0	0	4	-5271233658414336
0	0	0	3	-1709509555658775168
0	0	0	2	-161150253532391674944
0	0	0	1	-192988022965045874672616
0	0	0	0	-919528993766406078652761
