A	B	Y	Z	coefficient
15	0	0	0	116101021696
14	0	0	0	5828948944896
13	1	0	0	-142487617536
13	0	1	0	4041466970112
13	0	0	1	-1139900940288
13	0	0	0	-110222489318832
12	1	0	0	-1408794799104
12	0	2	0	349742333952
12	0	1	0	201055640265216
12	0	0	1	-13917271965696
12	0	0	0	-13810252339614456
11	2	0	0	72862986240
11	1	1	0	-2952938115072
11	1	0	1	1165807779840
11	1	0	0	237002971804632
11	0	2	0	83201807411712
11	0	1	1	-25054269014016
11	0	1	0	-5055926149400544
11	0	0	2	4663231119360
11	0	0	1	1549213070898240
11	0	0	0	-124454964171220632
10	2	0	0	845953948224
10	1	2	0	-286152818688
10	1	1	0	-22970160937152
10	1	0	1	-11274673969152
10	1	0	0	3578540407793568
10	0	3	0	8653954940928
10	0	2	1	-2289222549504
10	0	2	0	3030049471882752
10	0	1	1	-438781204224000
10	0	1	0	-552589680402690948
10	0	0	2	-75944669036544
10	0	0	1	51232512916059120
10	0	0	0	20699359205725373751
9	3	0	0	-19871723520
9	2	1	0	1070837501184
9	2	0	1	-476921364480
9	2	0	0	-131372683183008
9	1	2	0	-38199602985984
9	1	1	1	14353165246464
9	1	1	0	5334391752510600
9	1	0	2	-3815370915840
9	1	0	1	-1450702599670224
9	1	0	0	-50594034492663084
9	0	4	0	263390662656
9	0	3	0	1171621824620544
9	0	2	1	-331484933412864
9	0	2	0	-169359318270097920
9	0	1	2	55773785751552
9	0	1	1	45264341016588960
9	0	1	0	4920363687238511004
9	0	0	3	-10174322442240
9	0	0	2	-3929114913488064
9	0	0	1	-941975828912730744
9	0	0	0	33529047488408446074
8	3	0	0	-212576120064
8	2	2	0	87796887552
8	2	1	0	-12587899774212
8	2	0	1	3028863290112
8	2	0	0	1580904845658522
8	1	3	0	-4573641397248
8	1	2	1	1404750200832
8	1	2	0	-170565360668640
8	1	1	1	-266599247377536
8	1	1	0	275304862073115504
8	1	0	2	91431442206720
8	1	0	1	16760142707421168
8	1	0	0	-21281877436264113816
8	0	4	0	131065233463296
8	0	3	1	-34721451933696
8	0	3	0	15337353887394768
8	0	2	2	5619000803328
8	0	2	1	-2990031149339136
8	0	2	0	-7239039107572198404
8	0	1	2	-553534101153792
8	0	1	1	1784749657262600592
8	0	1	0	502395249945414750120
8	0	0	3	358942843404288
8	0	0	2	-15009741508719168
8	0	0	1	-118623977675840916360
8	0	0	0	-6158790645916182262821
7	4	0	0	3048503040
7	3	1	0	-231381380736
7	3	0	1	97552097280
7	3	0	0	27801217054548
7	2	2	0	6430819997232
7	2	1	1	-3972809161728
7	2	1	0	-747634872828780
7	2	0	2	1170625167360
7	2	0	1	520363401458904
7	2	0	0	12279125900515464
7	1	4	0	-107750725632
7	1	3	0	-422892158636160
7	1	2	1	90395260222464
7	1	2	0	173094062222031552
7	1	1	2	-23018747609088
7	1	1	1	-17874514435839696
7	1	1	0	-21802894734842021088
7	1	0	3	6243334225920
7	1	0	2	1928650305299328
7	1	0	1	650117018845531296
7	1	0	0	879564725382110459688
7	0	5	0	5028367196160
7	0	4	1	-862005805056
7	0	4	0	10744486503897600
7	0	3	1	-3289710134025216
7	0	3	0	-2638276941980222208
7	0	2	2	404671535622144
7	0	2	1	1052670769705822464
7	0	2	0	119985477568586093952
7	0	1	3	-48357461458944
7	0	1	2	-95019417908831808
7	0	1	1	-115607287852999582176
7	0	1	0	10047431282002707395664
7	0	0	4	12486668451840
7	0	0	3	-246103020140544
7	0	0	2	4644619505638496064
7	0	0	1	4424082440023197080640
7	0	0	0	-684058457799384046278264
6	4	0	0	9180407079
6	3	2	0	-11972302848
6	3	1	0	2262059484624
6	3	0	1	-831946557312
6	3	0	0	-211926840923340
6	2	3	0	864624746304
6	2	2	1	-287335268352
6	2	2	0	-90827898939756
6	2	1	1	101831068105920
6	2	1	0	-5966640815508468
6	2	0	2	-23585663358720
6	2	0	1	-12510206693497944
6	2	0	0	361006224285687732
6	1	4	0	-56531672160768
6	1	3	1	12408747706368
6	1	3	0	28257489843411456
6	1	2	2	-2298682146816
6	1	2	1	-3183360908537088
6	1	2	0	-5297490248429455344
6	1	1	2	840910335340032
6	1	1	1	41433106207025808
6	1	1	0	437584074610589310960
6	1	0	3	-205976335491072
6	1	0	2	-81672513244335072
6	1	0	1	13937726768424842016
6	1	0	0	-13254511513869391319208
6	0	5	0	1444633297491456
6	0	4	1	-394342260019200
6	0	4	0	-162462382848372096
6	0	3	2	45520872210432
6	0	3	1	138067061649131520
6	0	3	0	-70708901598643715712
6	0	2	3	-6129819058176
6	0	2	2	-12133164341652480
6	0	2	1	-22487003301656582784
6	0	2	0	16943089684664534670288
6	0	1	3	1530129961009152
6	0	1	2	501976624651700544
6	0	1	1	1985528581744128234336
6	0	1	0	-1326517041255403994961336
6	0	0	4	-559042206990336
6	0	0	3	-58007810142382464
6	0	0	2	28889070499671625728
6	0	0	1	-71032859491594021530912
6	0	0	0	35829181007100511029562878
5	5	0	0	-249422976
5	4	1	0	25959829968
5	4	0	1	-9976919040
5	4	0	0	-3925156264434
5	3	2	0	-731132435808
5	3	1	1	582153225984
5	3	1	0	76868714631168
5	3	0	2	-159630704640
5	3	0	1	-76021606180224
5	3	0	0	-2133930936573612
5	2	4	0	11019960576
5	2	3	0	39169403991504
5	2	2	1	-6764147035776
5	2	2	0	-12515999544949896
5	2	1	2	4399821296640
5	2	1	1	-467210207440512
5	2	1	0	1091721735278660484
5	2	0	3	-1277045637120
5	2	0	2	-402102596752416
5	2	0	1	141926223438388152
5	2	0	0	-22291323938511954336
5	1	5	0	-2233378676736
5	1	4	1	176319369216
5	1	4	0	905048546625792
5	1	3	1	451391462180352
5	1	3	0	-207137983812151680
5	1	2	2	-34762125514752
5	1	2	1	-244959482142095616
5	1	2	0	31962148786228667904
5	1	1	3	11789453131776
5	1	1	2	1951295848111872
5	1	1	1	34205679301580964720
5	1	1	0	-2450106886510573654896
5	1	0	4	-5108182548480
5	1	0	3	1200282677830656
5	1	0	2	498726228812796288
5	1	0	1	-1409513266570074413184
5	1	0	0	67388586018330848619168
5	0	6	0	79565747945472
5	0	5	1	-14693280768000
5	0	5	0	44410284392951808
5	0	4	2	705277476864
5	0	4	1	-297264660977664
5	0	4	0	-31700745072802612224
5	0	3	2	2016345859098624
5	0	3	1	-168453563795983872
5	0	3	0	6897213809862025166208
5	0	2	3	-133840187523072
5	0	2	2	-920726066601556992
5	0	2	1	259765127590980041856
5	0	2	0	-720314761426576144646976
5	0	1	4	4458050224128
5	0	1	3	57183199077003264
5	0	1	2	122346291457876568256
5	0	1	1	-36715857835091631211296
5	0	1	0	37113017025785761612942056
5	0	0	5	-8173092077568
5	0	0	4	9470590035922944
5	0	0	3	-3812512322239004160
5	0	0	2	-5080179933119775299904
5	0	0	1	1429000174174755878713872
5	0	0	0	-758329153026418298473406676
4	5	0	0	3760476516
4	4	2	0	612220032
4	4	1	0	-419638568184
4	4	0	1	188988922656
4	4	0	0	60024390809121
4	3	3	0	-58977196416
4	3	2	1	19591041024
4	3	2	0	-2239079975784
4	3	1	1	-10894302414432
4	3	1	0	1682865755783856
4	3	0	2	3806239963392
4	3	0	1	1370519436955392
4	3	0	0	-65772164111102028
4	2	4	0	5785173192384
4	2	3	1	-1283213187072
4	2	3	0	-2535031960485552
4	2	2	2	235092492288
4	2	2	1	149617545575328
4	2	2	0	365305094032070700
4	2	1	2	-108355599023616
4	2	1	1	19103660921495232
4	2	1	0	-17768203470466858188
4	2	0	3	38031652583424
4	2	0	2	14666020599690144
4	2	0	1	-1753387621221924792
4	2	0	0	122652895749795930960
4	1	5	0	-114636976551936
4	1	4	1	80088175706112
4	1	4	0	41942377690797312
4	1	3	2	-9207789281280
4	1	3	1	-54292363021956096
4	1	3	0	-4217846863743000000
4	1	2	3	1253826625536
4	1	2	2	3752899000639488
4	1	2	1	11369073808644526080
4	1	2	0	44450434944720516240
4	1	1	3	-394289291649024
4	1	1	2	-326813444292203136
4	1	1	1	-945152494676568342576
4	1	1	0	10769995945331882501616
4	1	0	4	187743122915328
4	1	0	3	41176071672263424
4	1	0	2	4097849596996713120
4	1	0	1	27247467032342941898880
4	1	0	0	-328144551907386201608952
4	0	7	0	1586874322944
4	0	6	0	8235275311567872
4	0	5	1	-980276919717888
4	0	5	0	-4719230872872565248
4	0	4	2	313299928055808
4	0	4	1	86670050417178624
4	0	4	0	1154584892541108545280
4	0	3	3	-21732994842624
4	0	3	2	-190475977903948800
4	0	3	1	82390776483156475392
4	0	3	0	-155915158634937151852896
4	0	2	4	2507653251072
4	0	2	3	16794792147603456
4	0	2	2	38545299791171562240
4	0	2	1	-19232822642943286473984
4	0	2	0	12089213850260932115820840
4	0	1	4	-78599256588288
4	0	1	3	-2783866187495715840
4	0	1	2	-3248901114011729429184
4	0	1	1	1527963696959613068352384
4	0	1	0	-503623246658516038365600096
4	0	0	5	365838746517504
4	0	0	4	-68897906537170176
4	0	0	3	124149576072415962240
4	0	0	2	98292650164923278491776
4	0	0	1	-41692635841835063702149200
4	0	0	0	8727420793559530929880423590
3	6	0	0	8503056
3	5	1	0	-1071385056
3	5	0	1	408146688
3	5	0	0	141308036136
3	4	2	0	47918972088
3	4	1	1	-31835441664
3	4	1	0	-3171452820768
3	4	0	2	8162933760
3	4	0	1	3648066115680
3	4	0	0	-368397109868796
3	3	3	0	-3037682743776
3	3	2	1	657320241024
3	3	2	0	814879938510288
3	3	1	2	-333047697408
3	3	1	1	52093190302848
3	3	1	0	-64295907635859264
3	3	0	3	87071293440
3	3	0	2	17796318000192
3	3	0	1	-13527971363570688
3	3	0	0	1477083644331372252
3	2	5	0	165299408640
3	2	4	0	-108689871161088
3	2	3	1	-24130040341248
3	2	3	0	22512998417062176
3	2	2	2	1540345600512
3	2	2	1	8821095497457984
3	2	2	0	-875750254208730720
3	2	1	3	-1253826625536
3	2	1	2	1949910394179456
3	2	1	1	-898678418620533120
3	2	1	0	-114926065435153652868
3	2	0	4	522427760640
3	2	0	3	-250248611400192
3	2	0	2	-272377233133198272
3	2	0	1	23315570547648123528
3	2	0	0	7192151612324722156968
3	1	6	0	-7111547891712
3	1	5	1	2644790538240
3	1	5	0	1342054878787584
3	1	4	1	-3273148690283520
3	1	4	0	722256525201314304
3	1	3	2	18631080013824
3	1	3	1	999199914814050048
3	1	3	0	-230637461357226625920
3	1	2	3	-3421901832192
3	1	2	2	25142899611068928
3	1	2	1	-125675868145563461376
3	1	2	0	24800136937637018872896
3	1	1	4	626913312768
3	1	1	3	9190522227497472
3	1	1	2	-6769818899556959232
3	1	1	1	6950219988254612816016
3	1	1	0	-1152995699519617195988640
3	1	0	5	1671768834048
3	1	0	4	-2843620013592576
3	1	0	3	-1282827880272660480
3	1	0	2	364185532241339755392
3	1	0	1	-137537377668618618485664
3	1	0	0	19487927211459663302577216
3	0	7	0	531073940078592
3	0	6	1	-44197388550144
3	0	6	0	-273455472910786560
3	0	5	2	10579162152960
3	0	5	1	-30217613496238080
3	0	5	0	70752073882911178752
3	0	4	2	-10750368260468736
3	0	4	1	26537377059434336256
3	0	4	0	-11908301806756268103168
3	0	3	3	480842510893056
3	0	3	2	3173973585323277312
3	0	3	1	-6456444538987163054592
3	0	3	0	1324305305284381722514944
3	0	2	4	14314520641536
3	0	2	3	-171770505809596416
3	0	2	2	-419070315727843411968
3	0	2	1	717028994682795560274432
3	0	2	0	-91336473706346485211635200
3	0	1	5	10030613004288
3	0	1	4	-11608103218581504
3	0	1	3	16746769123415110656
3	0	1	2	26076551272362971530560
3	0	1	1	-38078278233168908733957792
3	0	1	0	3487059823980860835900746544
3	0	0	6	2229025112064
3	0	0	5	-7933431244750848
3	0	0	4	573052716699171840
3	0	0	3	-482210886619529422848
3	0	0	2	-624261898647074681220672
3	0	0	1	786650270631062190539668416
3	0	0	0	-55984444968267735677477198784
2	6	0	0	-299732724
2	5	1	0	25483658832
2	5	0	1	-14387170752
2	5	0	0	-3053906574624
2	4	3	0	918330048
2	4	2	0	283419611064
2	4	1	1	630892742976
2	4	1	0	-160788801026736
2	4	0	2	-287743415040
2	4	0	1	-85373012077344
2	4	0	0	12096718556311305
2	3	4	0	-194685970176
2	3	3	1	29386561536
2	3	3	0	55479991519872
2	3	2	1	20152752903360
2	3	2	0	-4383417983285952
2	3	1	2	3879026122752
2	3	1	1	-6718701908788416
2	3	1	0	56856956945016816
2	3	0	3	-3069263093760
2	3	0	2	-622790316962496
2	3	0	1	392319814702621824
2	3	0	0	2514753471496493052
2	2	5	0	3305988172800
2	2	4	1	-3680666832384
2	2	4	0	-1736660382083136
2	2	3	2	352638738432
2	2	3	1	1659407703455232
2	2	3	0	562394669535923616
2	2	2	2	205682054170752
2	2	2	1	-272203495189747200
2	2	2	0	-87755098323139214004
2	2	1	3	-18689853136896
2	2	1	2	-78365656076217984
2	2	1	1	16867716196430957760
2	2	1	0	6115239284074748495172
2	2	0	4	-18415578562560
2	2	0	3	2200267368525312
2	2	0	2	5206968341372742336
2	2	0	1	-288005056287796205064
2	2	0	0	-155143868679462796618788
2	1	6	0	-357575680770048
2	1	5	1	-22745198628864
2	1	5	0	274949779564892160
2	1	4	2	-21510963044352
2	1	4	1	-4683262845588480
2	1	4	0	-74136425447185498368
2	1	3	3	1880739938304
2	1	3	2	16283975343943680
2	1	3	1	4225713123736389888
2	1	3	0	9722860899312759096960
2	1	2	3	2027672745984
2	1	2	2	-4158428561467467264
2	1	2	1	-778991453742438743040
2	1	2	0	-674376420680787842534736
2	1	1	4	-273647661023232
2	1	1	3	-192944676818824704
2	1	1	2	404078911970054204160
2	1	1	1	58257106929832554492336
2	1	1	0	23773869736121029356202320
2	1	0	5	-58929851400192
2	1	0	4	42480096667103232
2	1	0	3	18357184131862113792
2	1	0	2	-13061970627756777652896
2	1	0	1	-1571779536232994018904096
2	1	0	0	-334594052226624601666251864
2	0	8	0	12694994583552
2	0	7	0	1723345514717184
2	0	6	1	-4434784774520832
2	0	6	0	-2414402305495805952
2	0	5	2	-50779978334208
2	0	5	1	3375081738737197056
2	0	5	0	525077039592673030656
2	0	4	3	-36204243812352
2	0	4	2	-2799246305673216
2	0	4	1	-981356534999608743936
2	0	4	0	-45106235697795624337536
2	0	3	4	3761479876608
2	0	3	3	27539322277847040
2	0	3	2	4658863462717473792
2	0	3	1	144521486054609342188032
2	0	3	0	753423918852065134798080
2	0	2	4	-3990107325358080
2	0	2	3	-6660642342856992768
2	0	2	2	-794864385328294863360
2	0	2	1	-11567013193692306902054016
2	0	2	0	134454936098735229926446416
2	0	1	5	-756057455198208
2	0	1	4	690460126033195008
2	0	1	3	636860515215605511168
2	0	1	2	54354014104345431099840
2	0	1	1	481746977735983687997548704
2	0	1	0	-8959600334839688146262928420
2	0	0	6	-78573135200256
2	0	0	5	129772466297929728
2	0	0	4	-26623901183533567488
2	0	0	3	-20810270541194888685696
2	0	0	2	-1362253967022939326995968
2	0	0	1	-8206450301951485315938434448
2	0	0	0	172963286348501939755506286347
1	6	0	0	3099363912
1	5	2	0	-1147912560
1	5	1	0	16529940864
1	5	0	1	148769467776
1	5	0	0	9084235626072
1	4	3	0	133617021984
1	4	2	1	-45916502400
1	4	2	0	-51285174651864
1	4	1	1	4677973264512
1	4	1	0	5899360263739920
1	4	0	2	2975389355520
1	4	0	1	93241263928608
1	4	0	0	-216565525044888786
1	3	4	0	-2793560006016
1	3	3	1	2870699730048
1	3	3	0	1068127586264736
1	3	2	2	-734664038400
1	3	2	1	-1305501669556992
1	3	2	0	-142682732367596208
1	3	1	2	139115982311424
1	3	1	1	160842853933361280
1	3	1	0	7855228514200095936
1	3	0	3	31737486458880
1	3	0	2	-3956895919172160
1	3	0	1	-5908680968435021952
1	3	0	0	-145990169312745400452
1	2	6	0	132239526912
1	2	5	0	-101956675249152
1	2	4	1	40068576654336
1	2	4	0	51042953163413376
1	2	3	2	17587857079296
1	2	3	1	-21519205974862848
1	2	3	0	-11487118209580956528
1	2	2	3	-5877312307200
1	2	2	2	-9397172201538816
1	2	2	1	3240391143928912704
1	2	2	0	1234721143361499829560
1	2	1	3	1627075139125248
1	2	1	2	1317559980408285312
1	2	1	1	-180202371759286322688
1	2	1	0	-63205176709425815124372
1	2	0	4	190424918753280
1	2	0	3	-84258861003228672
1	2	0	2	-54753368535029231136
1	2	0	1	3029251173878966726376
1	2	0	0	1244152912947856869302928
1	1	7	0	-19042491875328
1	1	6	1	2115832430592
1	1	6	0	20004137715032064
1	1	5	1	-3373694810578944
1	1	5	0	-6964167761792299008
1	1	4	2	749004680429568
1	1	4	1	1304837959371420672
1	1	4	0	1199455002379399912704
1	1	3	3	3879026122752
1	1	3	2	-417894625138526208
1	1	3	1	-233514648730915027200
1	1	3	0	-115613714413906432995456
1	1	2	4	-23509249228800
1	1	2	3	-4730472356696064
1	1	2	2	75419027429286311424
1	1	2	1	22074560981785322772480
1	1	2	0	6364909437651245264097024
1	1	1	4	8564889679036416
1	1	1	3	1550916345863960064
1	1	1	2	-5570067835225283399424
1	1	1	1	-1071903635947580950738224
1	1	1	0	-187180504252022501580360600
1	1	0	5	609359740010496
1	1	0	4	-583504796666769408
1	1	0	3	-105664624903211480064
1	1	0	2	145923839195167286561664
1	1	0	1	21086316976348521200910672
1	1	0	0	2279126837945234052062926668
1	0	8	0	837869642514432
1	0	7	1	-152339935002624
1	0	7	0	-501407853569261568
1	0	6	2	8463329722368
1	0	6	1	164717554721587200
1	0	6	0	128164577527285088256
1	0	5	2	-8124796533473280
1	0	5	1	-63258196363999911936
1	0	5	0	-18117160847182197642240
1	0	4	3	1997345814478848
1	0	4	2	2610568535549497344
1	0	4	1	12336247598842221520896
1	0	4	0	1526041273690285186116096
1	0	3	4	-172087704354816
1	0	3	3	-877649408041992192
1	0	3	2	-413180226628565824512
1	0	3	1	-1368962606162348703581184
1	0	3	0	-76178658530931469727018112
1	0	2	5	-37614798766080
1	0	2	4	105222462605770752
1	0	2	3	143190617495022968832
1	0	2	2	35576045595273778007040
1	0	2	1	88013724188424214287302784
1	0	2	0	2051798692773323225247334848
1	0	1	5	16994366082514944
1	0	1	4	-13728746405616316416
1	0	1	3	-10204302319449671218176
1	0	1	2	-1609126506709928390102976
1	0	1	1	-3066443747102771031531955968
1	0	1	0	-20897688595207980927391773732
1	0	0	6	812479653347328
1	0	0	5	-1385645963800117248
1	0	0	4	492243931660547902464
1	0	0	3	266908509000665194987008
1	0	0	2	30058764350001017025846528
1	0	0	1	44943321501893379259947084840
1	0	0	0	-84563400319697537315091803430
0	6	0	0	-7748409780
0	5	2	0	18596183472
0	5	1	0	-2398907667888
0	5	0	1	-371923669440
0	5	0	0	73180631008188
0	4	4	0	2066242608
0	4	3	0	-2417503851360
0	4	2	1	743847338880
0	4	2	0	510716284783272
0	4	1	1	-105998245790400
0	4	1	0	-39953611948748184
0	4	0	2	-7438473388800
0	4	0	1	3514678676208000
0	4	0	0	1085672412421178607
0	3	5	0	-198359290368
0	3	4	1	66119763456
0	3	4	0	87922755455616
0	3	3	1	-54598394673792
0	3	3	0	-14834621864017728
0	3	2	2	11901557422080
0	3	2	1	11721620750804928
0	3	2	0	1182925611160728552
0	3	1	2	-1856642957844480
0	3	1	1	-962836181408106720
0	3	1	0	-43644893688593514864
0	3	0	3	-79343716147200
0	3	0	2	68074304988611520
0	3	0	1	27140565643562193408
0	3	0	0	563351476523164027164
0	2	6	0	1190155742208
0	2	5	1	-2380311484416
0	2	5	0	425778216774912
0	2	4	2	793437161472
0	2	4	1	96402615118848
0	2	4	0	-304921471620916224
0	2	3	2	-382039993248768
0	2	3	1	105520695798839040
0	2	3	0	57937825576214108496
0	2	2	3	95212459376640
0	2	2	2	75551532823767168
0	2	2	1	-16136903034123583392
0	2	2	0	-5100819288684161822604
0	2	1	3	-16138511864340480
0	2	1	2	-6507718785232283520
0	2	1	1	840513608382187265472
0	2	1	0	217563602198413943834496
0	2	0	4	-476062296883200
0	2	0	3	658831538824727040
0	2	0	2	200151395705015851680
0	2	0	1	-14129781131343258928872
0	2	0	0	-3641534273000817486434106
0	1	7	0	342764853755904
0	1	6	1	-95212459376640
0	1	6	0	-190877177935319040
0	1	5	1	50129359861800960
0	1	5	0	45225455233320281088
0	1	4	3	4231664861184
0	1	4	2	-8397738917019648
0	1	4	1	-11420914215745041408
0	1	4	0	-5904805888582192138752
0	1	3	3	-580796002197504
0	1	3	2	3063353766426593280
0	1	3	1	1435248231354815291136
0	1	3	0	458329184051034270894912
0	1	2	4	380849837506560
0	1	2	3	4220292261869568
0	1	2	2	-415468037423463805440
0	1	2	1	-104172459041515757531904
0	1	2	0	-21120892432651593735450480
0	1	1	4	-69695520263700480
0	1	1	3	497292890090577408
0	1	1	2	24830371458852144448896
0	1	1	1	4106311674989402174517360
0	1	1	0	534113816349242736470603808
0	1	0	5	-1523399350026240
0	1	0	4	3170360669208514560
0	1	0	3	65463280325873821440
0	1	0	2	-551675861012948475891744
0	1	0	1	-68150113198836253206801264
0	1	0	0	-5704844879820849614063005968
0	0	9	0	25389989167104
0	0	8	0	-17652389968429056
0	0	7	1	2056589122535424
0	0	7	0	5375409819026964480
0	0	6	2	-152339935002624
0	0	6	1	-1304905798248726528
0	0	6	0	-937499043586226595840
0	0	5	3	50779978334208
0	0	5	2	77636239375712256
0	0	5	1	354647482941059923968
0	0	5	0	102637006798921420267008
0	0	4	4	8463329722368
0	0	4	3	-28335227910488064
0	0	4	2	-16890123779282644992
0	0	4	1	-53524192220798229909504
0	0	4	0	-7252578452459641074165504
0	0	3	4	1751909252530176
0	0	3	3	6472514424686174208
0	0	3	2	2016214807565909348352
0	0	3	1	4845130787122770399105024
0	0	3	0	326002133883745956974742288
0	0	2	5	609359740010496
0	0	2	4	-891959840686301184
0	0	2	3	-737421585674425178112
0	0	2	2	-139481154975781116456192
0	0	2	1	-263089081350164756265325056
0	0	2	0	-8740289329765019833650640452
0	0	1	5	-119739188912062464
0	0	1	4	91150215036712685568
0	0	1	3	41361435973865103667200
0	0	1	2	5292291074542303988961216
0	0	1	1	7935130207925107203243192048
0	0	1	0	118691852604018918232817005848
0	0	0	6	-2031199133368320
0	0	0	5	6053570082183020544
0	0	0	4	-2801349686661373138176
0	0	0	3	-908503467768855134057088
0	0	0	2	-85641851887507764123914304
0	0	0	1	-102561747912566944681889719656
0	0	0	0	-488675407976212612845301958601
